"","Name","Marathon","Date","Month","Week","Day","Weekday","RunCat","RunType","WorkoutType","StartTime","Time","Distance","Avg.HR","Max.HR","Avg.Cadence","Max.Cadence","Avg.Pace","Best.Pace","Elev.Gain","Elev.Loss","Avg.Stride.Length"
"1","Afternoon Run","ph17",2017-07-17,"Jul",1,17,"Monday","ML","Run","NA",2017-12-28 17:25:00,2017-12-28 01:35:00,12.04,133,144,181,211,2017-12-28 00:07:54,2017-12-28 00:01:48,183,176,1.13
"2","Tempo run turned into tempo intervals","ph17",2017-07-18,"Jul",1,18,"Tuesday","Workout","Workout","Tempo",2017-12-28 17:31:00,2017-12-28 01:21:52,11.05,146,167,162,200,2017-12-28 00:07:25,2017-12-28 00:04:05,144,137,1.4
"3","evening 2nd recovery on treadmill","ph17",2017-07-19,"Jul",1,19,"Wednesday","Recovery","Recovery","NA",2017-12-28 17:46:00,2017-12-28 00:33:06,4,114,143,175,189,2017-12-28 00:08:16,2017-12-28 00:07:22,NA,NA,1.11
"4","painful recovery Run","ph17",2017-07-19,"Jul",1,19,"Wednesday","Recovery","Recovery","NA",2017-12-28 06:40:00,2017-12-28 00:52:04,6,127,137,182,193,2017-12-28 00:08:40,2017-12-28 00:04:40,99,79,1.02
"5","first general aerobic + strides","ph17",2017-07-20,"Jul",1,20,"Thursday","GA","Run","NA",2017-12-28 17:17:00,2017-12-28 01:15:14,10,149,160,181,204,2017-12-28 00:07:31,2017-12-28 00:04:21,155,152,1.18
"6","Evening treadmill recovery","ph17",2017-07-21,"Jul",1,21,"Friday","Recovery","Recovery","NA",2017-12-28 18:13:00,2017-12-28 00:25:05,3,112,119,180,191,2017-12-28 00:08:21,2017-12-28 00:07:18,NA,NA,1.07
"7","Morning Recovery","ph17",2017-07-21,"Jul",1,21,"Friday","Recovery","Recovery","NA",2017-12-28 06:28:00,2017-12-28 00:34:50,4.01,122,135,181,189,2017-12-28 00:08:41,2017-12-28 00:05:20,83,83,1.03
"8","absolute death general aerobic in VA","ph17",2017-07-22,"Jul",1,22,"Saturday","GA","Run","NA",2017-12-28 13:03:00,2017-12-28 01:03:14,8,141,157,182,194,2017-12-28 00:07:54,2017-12-28 00:05:52,147,148,1.12
"9","late long run","ph17",2017-07-24,"Jul",2,24,"Monday","Long","Long","NA",2017-12-28 17:28:00,2017-12-28 02:02:26,16,140,157,180,202,2017-12-28 00:07:39,2017-12-28 00:04:59,NA,NA,1.17
"10","shoulda been a double recovery","ph17",2017-07-25,"Jul",2,25,"Tuesday","Recovery","Recovery","NA",2017-12-28 18:13:00,2017-12-28 01:24:26,10.01,NA,NA,179,211,2017-12-28 00:08:26,2017-12-28 00:06:17,140,130,1.07
"11","general aerobic","ph17",2017-07-26,"Jul",2,26,"Wednesday","GA","Run","NA",2017-12-28 17:15:00,2017-12-28 01:22:11,11.02,134,147,183,195,2017-12-28 00:07:27,2017-12-28 00:00:45,153,146,1.18
"12","fatigued legs medium long","ph17",2017-07-27,"Jul",2,27,"Thursday","ML","Run","NA",2017-12-28 17:11:00,2017-12-28 01:37:37,13.01,140,152,181,197,2017-12-28 00:07:30,2017-12-28 00:02:10,289,288,1.18
"13","Morning Run","ph17",2017-07-28,"Jul",2,28,"Friday","Recovery","Recovery","NA",2017-12-28 07:28:00,2017-12-28 00:32:16,4.01,118,129,178,195,2017-12-28 00:08:03,2017-12-28 00:06:59,NA,NA,1.12
"14","mp long run","ph17",2017-07-29,"Jul",2,29,"Saturday","Workout","Long","Marathon Pace",2017-12-28 11:41:00,2017-12-28 02:03:37,17.01,142,161,173,209,2017-12-28 00:07:16,2017-12-28 00:05:03,733,732,1.3
"15","Afternoon Run","ph17",2017-07-31,"Jul",3,31,"Monday","ML","Run","NA",2017-12-28 17:34:00,2017-12-28 01:32:57,12,137,147,180,191,2017-12-28 00:07:45,2017-12-28 00:03:46,291,291,1.16
"16","4 mi tempo intervals","ph17",2017-08-01,"Aug",3,1,"Tuesday","Workout","Workout","Tempo",2017-12-28 17:28:00,2017-12-28 00:57:19,8.01,140,165,164,211,2017-12-28 00:07:10,2017-12-28 00:02:18,113,117,1.41
"17","Morning recovery","ph17",2017-08-01,"Aug",3,1,"Tuesday","Recovery","Recovery","NA",2017-12-28 07:11:00,2017-12-28 00:24:06,3.01,121,135,180,191,2017-12-28 00:08:01,2017-12-28 00:02:34,32,41,1.12
"18","treadmill recovery","ph17",2017-08-02,"Aug",3,2,"Wednesday","Recovery","Recovery","NA",2017-12-28 17:10:00,2017-12-28 00:32:30,4.01,110,121,178,191,2017-12-28 00:08:06,2017-12-28 00:07:19,NA,NA,1.11
"19","Morning Recovery","ph17",2017-08-02,"Aug",3,2,"Wednesday","Recovery","Recovery","NA",2017-12-28 06:29:00,2017-12-28 00:59:49,7.01,130,185,180,193,2017-12-28 00:08:32,2017-12-28 00:02:11,105,114,1.05
"20","middle long","ph17",2017-08-03,"Aug",3,3,"Thursday","ML","Run","NA",2017-12-28 05:46:00,2017-12-28 01:47:46,14.01,139,148,180,193,2017-12-28 00:07:42,2017-12-28 00:02:43,316,326,1.16
"21","taking it easy GA","ph17",2017-08-04,"Aug",3,4,"Friday","GA","Run","NA",2017-12-28 06:33:00,2017-12-28 01:10:10,9.01,132,142,180,193,2017-12-28 00:07:47,2017-12-28 00:02:12,117,127,1.15
"22","long run","ph17",2017-08-05,"Aug",3,5,"Saturday","Long","Long","NA",2017-12-28 06:49:00,2017-12-28 02:15:36,18,137,152,181,209,2017-12-28 00:07:32,2017-12-28 00:05:33,477,529,1.18
"23","rec that turned into a GE","ph17",2017-08-06,"Aug",4,6,"Sunday","GA","Run","NA",2017-12-28 16:13:00,2017-12-28 01:34:37,12,136,151,183,195,2017-12-28 00:07:53,2017-12-28 00:06:02,7,7,1.12
"24","Afternoon Recovery","ph17",2017-08-07,"Aug",4,7,"Monday","Recovery","Recovery","NA",2017-12-28 17:46:00,2017-12-28 01:01:16,7,115,125,179,211,2017-12-28 00:08:45,2017-12-28 00:05:19,78,86,1.03
"25","Morning Recovery to move car","ph17",2017-08-07,"Aug",4,7,"Monday","Recovery","Recovery","NA",2017-12-28 06:37:00,2017-12-28 00:34:35,4.01,113,123,174,194,2017-12-28 00:08:38,2017-12-28 00:01:37,71,71,1.07
"26","mild fatigue middle long run","ph17",2017-08-08,"Aug",4,8,"Tuesday","ML","Run","NA",2017-12-28 17:17:00,2017-12-28 01:39:57,13,113,145,180,209,2017-12-28 00:07:41,2017-12-28 00:02:12,294,304,1.17
"27","Evening recovery","ph17",2017-08-09,"Aug",4,9,"Wednesday","Recovery","Recovery","NA",2017-12-28 18:18:00,2017-12-28 00:35:09,4,114,126,176,192,2017-12-28 00:08:47,2017-12-28 00:00:36,45,52,1.04
"28","Morning Recovery","ph17",2017-08-09,"Aug",4,9,"Wednesday","Recovery","Recovery","NA",2017-12-28 06:37:00,2017-12-28 00:59:56,7,122,131,180,191,2017-12-28 00:08:34,2017-12-28 00:02:19,95,105,1.04
"29","middle long","ph17",2017-08-10,"Aug",4,10,"Thursday","ML","Run","NA",2017-12-28 17:54:00,2017-12-28 01:57:01,15,139,152,181,193,2017-12-28 00:07:48,2017-12-28 00:04:14,661,659,1.14
"30","Morning Recovery","ph17",2017-08-11,"Aug",4,11,"Friday","Recovery","Recovery","NA",2017-12-28 06:28:00,2017-12-28 00:44:22,5,150,187,179,197,2017-12-28 00:08:52,2017-12-28 00:01:20,97,98,1.02
"31","GA with some strides","ph17",2017-08-12,"Aug",4,12,"Saturday","GA","Run","NA",2017-12-28 18:14:00,2017-12-28 01:24:21,11.01,134,163,180,211,2017-12-28 00:07:40,2017-12-28 00:04:57,365,352,1.17
"32","long run","ph17",2017-08-13,"Aug",5,13,"Sunday","Long","Long","NA",2017-12-28 17:29:00,2017-12-28 02:38:33,20.01,133,147,182,211,2017-12-28 00:07:55,2017-12-28 00:02:48,920,933,1.12
"33","evening outdoor recovery","ph17",2017-08-14,"Aug",5,14,"Monday","Recovery","Recovery","NA",2017-12-28 17:38:00,2017-12-28 00:25:08,3.01,113,125,175,190,2017-12-28 00:08:22,2017-12-28 00:04:15,32,47,1.1
"34","indoor lunch Recovery","ph17",2017-08-14,"Aug",5,14,"Monday","Recovery","Recovery","NA",2017-12-28 13:17:00,2017-12-28 00:16:45,2,119,125,178,187,2017-12-28 00:08:22,2017-12-28 00:07:55,NA,NA,1.08
"35","indoor morning recovery","ph17",2017-08-14,"Aug",5,14,"Monday","Recovery","Recovery","NA",2017-12-28 07:56:00,2017-12-28 00:17:00,2,NA,NA,177,187,2017-12-28 00:08:29,2017-12-28 00:07:46,NA,NA,1.07
"36","Ml","ph17",2017-08-15,"Aug",5,15,"Tuesday","ML","Run","NA",2017-12-28 05:57:00,2017-12-28 01:32:44,12.02,135,148,181,193,2017-12-28 00:07:43,2017-12-28 00:02:24,159,170,1.15
"37","lt run","ph17",2017-08-16,"Aug",5,16,"Wednesday","Workout","Workout","Tempo",2017-12-28 17:14:00,2017-12-28 01:20:15,11.02,144,169,166,201,2017-12-28 00:07:17,2017-12-28 00:00:48,125,135,1.37
"38","evening recovery","ph17",2017-08-17,"Aug",5,17,"Thursday","Recovery","Recovery","NA",2017-12-28 17:46:00,2017-12-28 00:42:35,5,124,150,178,193,2017-12-28 00:08:31,2017-12-28 00:02:09,94,104,1.06
"39","Morning Recovery","ph17",2017-08-17,"Aug",5,17,"Thursday","Recovery","Recovery","NA",2017-12-28 06:06:00,2017-12-28 01:00:02,7,122,132,179,189,2017-12-28 00:08:34,2017-12-28 00:01:50,114,128,1.05
"40","ml","ph17",2017-08-18,"Aug",5,18,"Friday","ML","Run","NA",2017-12-28 05:41:00,2017-12-28 01:56:48,15,140,150,183,193,2017-12-28 00:07:47,2017-12-28 00:04:02,321,326,1.13
"41","Afternoon Recovery","ph17",2017-08-19,"Aug",5,19,"Saturday","Recovery","Recovery","NA",2017-12-28 14:27:00,2017-12-28 00:41:29,5.01,NA,NA,179,192,2017-12-28 00:08:17,2017-12-28 00:05:56,198,159,1.08
"42","attempt @ 10 MP long run","ph17",2017-08-20,"Aug",6,20,"Sunday","Workout","Long","Marathon Pace",2017-12-28 09:21:00,2017-12-28 02:30:16,20,142,165,184,211,2017-12-28 00:07:31,2017-12-28 00:03:56,921,921,1.16
"43","Morning ml","ph17",2017-08-22,"Aug",6,22,"Tuesday","ML","Run","NA",2017-12-28 05:53:00,2017-12-28 01:32:10,12,NA,NA,NA,NA,2017-12-28 00:07:41,NA,NA,NA,0
"44","Afternoon Recovery","ph17",2017-08-23,"Aug",6,23,"Wednesday","Recovery","Recovery","NA",2017-12-28 17:53:00,2017-12-28 00:34:56,4,NA,NA,NA,NA,2017-12-28 00:08:44,NA,NA,NA,0
"45","Morning Recovery","ph17",2017-08-23,"Aug",6,23,"Wednesday","Recovery","Recovery","NA",2017-12-28 06:00:00,2017-12-28 01:00:45,7,NA,NA,NA,NA,2017-12-28 00:08:41,NA,NA,NA,0
"46","Afternoon ml","ph17",2017-08-24,"Aug",6,24,"Thursday","ML","Run","NA",2017-12-28 17:07:00,2017-12-28 01:41:56,13,NA,NA,NA,NA,2017-12-28 00:07:50,NA,NA,NA,0
"47","Morning ga","ph17",2017-08-25,"Aug",6,25,"Friday","GA","Run","NA",2017-12-28 06:24:00,2017-12-28 01:02:59,8,NA,NA,NA,NA,2017-12-28 00:07:52,NA,107,NA,0
"48","rec week long run","ph17",2017-08-26,"Aug",6,26,"Saturday","Long","Long","NA",2017-12-28 08:53:00,2017-12-28 01:56:58,16,NA,NA,NA,NA,2017-12-28 00:07:19,NA,422,NA,0
"49","recovery to gen aer run","ph17",2017-08-27,"Aug",7,27,"Sunday","GA","Run","NA",2017-12-28 16:40:00,2017-12-28 01:36:14,11,NA,NA,NA,NA,2017-12-28 00:08:45,NA,176,NA,0
"50","evening tempo","ph17",2017-08-28,"Aug",7,28,"Monday","Workout","Workout","Tempo",2017-12-28 17:36:00,2017-12-28 01:27:22,12,NA,NA,NA,NA,2017-12-28 00:07:17,NA,NA,NA,0
"51","Morning ml","ph17",2017-08-29,"Aug",7,29,"Tuesday","ML","Run","NA",2017-12-28 05:44:00,2017-12-28 01:58:13,15,NA,NA,NA,NA,2017-12-28 00:07:53,NA,498,NA,0
"52","Afternoon Recovery","ph17",2017-08-30,"Aug",7,30,"Wednesday","Recovery","Recovery","NA",2017-12-28 17:20:00,2017-12-28 00:33:59,4,NA,NA,NA,NA,2017-12-28 00:08:30,NA,87,NA,0
"53","Morning Recovery","ph17",2017-08-30,"Aug",7,30,"Wednesday","Recovery","Recovery","NA",2017-12-28 06:01:00,2017-12-28 00:59:25,7,NA,NA,NA,NA,2017-12-28 00:08:29,NA,NA,NA,0
"54","evening ml","ph17",2017-08-31,"Aug",7,31,"Thursday","ML","Run","NA",2017-12-28 17:09:00,2017-12-28 01:49:31,14,NA,NA,NA,NA,2017-12-28 00:07:49,NA,NA,NA,0
"55","Afternoon GA","ph17",2017-09-01,"Sep",7,1,"Friday","GA","Run","NA",2017-12-28 13:02:00,2017-12-28 01:17:28,10,NA,NA,NA,NA,2017-12-28 00:07:45,NA,NA,NA,0
"56","Morning long run","ph17",2017-09-02,"Sep",7,2,"Saturday","Long","Long","NA",2017-12-28 08:30:00,2017-12-28 02:32:41,20,NA,NA,NA,NA,2017-12-28 00:07:38,NA,NA,NA,0
"57","evening recovery","ph17",2017-09-03,"Sep",8,3,"Sunday","Recovery","Recovery","NA",2017-12-28 17:49:00,2017-12-28 00:43:55,5,NA,NA,NA,NA,2017-12-28 00:08:47,NA,NA,NA,0
"58","Lunch Recovery","ph17",2017-09-03,"Sep",8,3,"Sunday","Recovery","Recovery","NA",2017-12-28 11:43:00,2017-12-28 00:51:55,6,NA,NA,NA,NA,2017-12-28 00:08:39,NA,NA,NA,0
"59","Evening Recovery","ph17",2017-09-04,"Sep",8,4,"Monday","Recovery","Recovery","NA",2017-12-28 18:13:00,2017-12-28 00:25:36,3,NA,NA,NA,NA,2017-12-28 00:08:32,NA,NA,NA,0
"60","Lunch ga","ph17",2017-09-04,"Sep",8,4,"Monday","GA","Run","NA",2017-12-28 12:18:00,2017-12-28 01:16:59,10,NA,NA,NA,NA,2017-12-28 00:07:42,NA,NA,NA,0
"61","mostly fasted ml run","ph17",2017-09-05,"Sep",8,5,"Tuesday","ML","Run","NA",2017-12-28 05:41:00,2017-12-28 01:58:56,15,NA,NA,NA,NA,2017-12-28 00:07:56,NA,NA,NA,0
"62","Afternoon Recovery","ph17",2017-09-06,"Sep",8,6,"Wednesday","Recovery","Recovery","NA",2017-12-28 17:41:00,2017-12-28 00:42:34,5,118,133,179,191,2017-12-28 00:08:30,2017-12-28 00:05:57,97,87,1.06
"63","finally got another watch + hrm morning recovery","ph17",2017-09-06,"Sep",8,6,"Wednesday","Recovery","Recovery","NA",2017-12-28 05:58:00,2017-12-28 00:52:10,6.01,121,132,181,188,2017-12-28 00:08:41,2017-12-28 00:05:27,110,110,1.03
"64","6 mi (2*3mi) tempo","ph17",2017-09-07,"Sep",8,7,"Thursday","Workout","Workout","Tempo",2017-12-28 16:56:00,2017-12-28 01:19:17,11,142,165,176,211,2017-12-28 00:07:12,2017-12-28 00:04:32,120,132,1.28
"65","treadmill recovery","ph17",2017-09-07,"Sep",8,7,"Thursday","Recovery","Recovery","NA",2017-12-28 11:41:00,2017-12-28 00:21:46,2.5,118,128,180,191,2017-12-28 00:08:43,2017-12-28 00:07:53,NA,NA,1.03
"66","Morning ga","ph17",2017-09-08,"Sep",8,8,"Friday","GA","Run","NA",2017-12-28 05:55:00,2017-12-28 01:18:12,10.01,137,146,182,197,2017-12-28 00:07:49,2017-12-28 00:04:52,91,101,1.13
"67","Lunch long run","ph17",2017-09-09,"Sep",8,9,"Saturday","Long","Long","NA",2017-12-28 11:42:00,2017-12-28 02:49:38,22.01,143,186,183,225,2017-12-28 00:07:42,2017-12-28 00:04:31,NA,NA,1.14
"68","Afternoon Recovery","ph17",2017-09-10,"Sep",9,10,"Sunday","Recovery","Recovery","NA",2017-12-28 16:45:00,2017-12-28 00:51:23,6,129,178,178,190,2017-12-28 00:08:34,2017-12-28 00:06:12,200,227,1.06
"69","Morning Recovery (too fast)","ph17",2017-09-10,"Sep",9,10,"Sunday","Recovery","Recovery","NA",2017-12-28 10:19:00,2017-12-28 00:49:19,6,134,191,179,234,2017-12-28 00:08:13,2017-12-28 00:04:29,261,243,1.09
"70","mental health jog","ph17",2017-09-11,"Sep",9,11,"Monday","Misc","Misc","NA",2017-12-28 17:48:00,NA,1,118,128,175,182,2017-12-28 00:08:12,2017-12-28 00:07:50,NA,NA,1.12
"71","evening ml","ph17",2017-09-12,"Sep",9,12,"Tuesday","ML","Long","NA",2017-12-28 17:02:00,2017-12-28 01:54:32,15.01,137,150,182,233,2017-12-28 00:07:38,2017-12-28 00:05:22,480,480,1.16
"72","definitely hurt quad yesterday","ph17",2017-09-13,"Sep",9,13,"Wednesday","Misc","Misc","NA",2017-12-28 06:30:00,NA,0.5,111,125,174,186,2017-12-28 00:09:13,2017-12-28 00:06:28,NA,14,1.01
"73","middle long cut short due to quad acting up again","ph17",2017-09-14,"Sep",9,14,"Thursday","GA","Run","NA",2017-12-28 17:25:00,2017-12-28 01:17:40,10.01,139,153,180,197,2017-12-28 00:07:46,2017-12-28 00:05:40,208,270,1.15
"74","finally able to run again GA","ph17",2017-09-18,"Sep",10,18,"Monday","GA","Run","NA",2017-12-28 17:22:00,2017-12-28 01:27:25,11.01,137,146,180,190,2017-12-28 00:07:56,2017-12-28 00:01:57,146,156,1.13
"75","VO2 Max","ph17",2017-09-19,"Sep",10,19,"Tuesday","Workout","Workout","vO2 Max",2017-12-28 17:21:00,2017-12-28 01:18:14,10.01,137,169,181,232,2017-12-28 00:07:49,2017-12-28 00:04:59,112,112,1.13
"76","evening recovery","ph17",2017-09-20,"Sep",10,20,"Wednesday","Recovery","Recovery","NA",2017-12-28 17:32:00,2017-12-28 00:44:19,5.01,126,139,178,188,2017-12-28 00:08:51,2017-12-28 00:07:01,106,102,1.02
"77","Morning Recovery","ph17",2017-09-20,"Sep",10,20,"Wednesday","Recovery","Recovery","NA",2017-12-28 06:32:00,2017-12-28 00:50:33,6.01,129,145,180,189,2017-12-28 00:08:25,2017-12-28 00:03:51,102,114,1.06
"78","Afternoon ml","ph17",2017-09-21,"Sep",10,21,"Thursday","ML","Run","NA",2017-12-28 17:09:00,2017-12-28 01:41:29,13.01,141,152,181,227,2017-12-28 00:07:48,2017-12-28 00:03:05,383,383,1.14
"79","Morning Recovery","ph17",2017-09-21,"Sep",10,21,"Thursday","Recovery","Recovery","NA",2017-12-28 06:48:00,2017-12-28 00:35:04,4.01,123,137,179,188,2017-12-28 00:08:45,2017-12-28 00:03:09,99,92,1.03
"80","GA w/ speed","ph17",2017-09-22,"Sep",10,22,"Friday","GA","Run","NA",2017-12-28 06:23:00,2017-12-28 01:19:27,10,140,163,181,210,2017-12-28 00:07:57,2017-12-28 00:05:10,90,101,1.12
"81","Morning Run","ph17",2017-09-23,"Sep",10,23,"Saturday","Long","Long","NA",2017-12-28 08:44:00,2017-12-28 02:25:24,20.01,150,187,185,217,2017-12-28 00:07:16,2017-12-28 00:03:30,669,670,1.2
"82","Morning Run","ph17",2017-09-24,"Sep",11,24,"Sunday","Recovery","Recovery","NA",2017-12-28 10:45:00,2017-12-28 00:53:36,6,123,135,177,186,2017-12-28 00:08:56,2017-12-28 00:05:20,89,102,1.02
"83","evening GA w/ strides","ph17",2017-09-25,"Sep",11,25,"Monday","GA","Run","NA",2017-12-28 17:31:00,2017-12-28 01:19:29,10.01,135,154,180,215,2017-12-28 00:07:57,2017-12-28 00:03:36,134,146,1.13
"84","Lunch treadmill recovery","ph17",2017-09-25,"Sep",11,25,"Monday","Recovery","Recovery","NA",2017-12-28 11:41:00,2017-12-28 00:33:27,4.01,121,167,175,186,2017-12-28 00:08:21,2017-12-28 00:07:06,NA,NA,1.1
"85","Morning ml","ph17",2017-09-26,"Sep",11,26,"Tuesday","ML","Long","NA",2017-12-28 05:36:00,2017-12-28 01:54:06,15.01,136,147,180,197,2017-12-28 00:07:36,2017-12-28 00:02:57,489,489,1.17
"86","evening recovery","ph17",2017-09-27,"Sep",11,27,"Wednesday","Recovery","Recovery","NA",2017-12-28 17:19:00,2017-12-28 00:51:38,6,121,138,175,190,2017-12-28 00:08:36,2017-12-28 00:06:31,119,109,1.07
"87","Morning Recovery","ph17",2017-09-27,"Sep",11,27,"Wednesday","Recovery","Recovery","NA",2017-12-28 06:42:00,2017-12-28 00:51:51,6,121,133,175,206,2017-12-28 00:08:38,2017-12-28 00:02:38,93,106,1.07
"88","Afternoon tempo","ph17",2017-09-28,"Sep",11,28,"Thursday","Workout","Workout","Tempo",2017-12-28 17:20:00,2017-12-28 01:27:23,12.02,143,166,175,228,2017-12-28 00:07:16,2017-12-28 00:04:59,248,261,1.27
"89","Lunch treadmill recovery","ph17",2017-09-28,"Sep",11,28,"Thursday","Recovery","Recovery","NA",2017-12-28 11:45:00,2017-12-28 00:34:26,4,112,135,175,184,2017-12-28 00:08:36,2017-12-28 00:07:20,NA,NA,1.07
"90","Morning ga","ph17",2017-09-29,"Sep",11,29,"Friday","GA","Run","NA",2017-12-28 05:37:00,2017-12-28 01:19:43,10.01,137,195,180,189,2017-12-28 00:07:58,2017-12-28 00:01:50,134,134,1.13
"91","peak week long run","ph17",2017-09-30,"Sep",11,30,"Saturday","Long","Long","NA",2017-12-28 15:51:00,2017-12-28 03:03:35,24.01,136,184,182,231,2017-12-28 00:07:39,2017-12-28 00:03:53,754,754,1.16
"92","Afternoon Recovery","ph17",2017-10-01,"Oct",12,1,"Sunday","Recovery","Recovery","NA",2017-12-28 13:24:00,2017-12-28 00:50:57,6,121,159,177,188,2017-12-28 00:08:29,2017-12-28 00:06:13,98,112,1.07
"93","Morning treadmill recovery","ph17",2017-10-01,"Oct",12,1,"Sunday","Recovery","Recovery","NA",2017-12-28 09:42:00,2017-12-28 00:25:13,3,119,129,176,191,2017-12-28 00:08:24,2017-12-28 00:07:39,NA,NA,1.09
"94","Afternoon Run","ph17",2017-10-02,"Oct",12,2,"Monday","GA","Run","NA",2017-12-28 17:20:00,2017-12-28 01:02:50,8.01,133,148,180,197,2017-12-28 00:07:51,2017-12-28 00:04:26,122,115,1.14
"95","Afternoon v02","ph17",2017-10-03,"Oct",12,3,"Tuesday","Workout","Workout","vO2 Max",2017-12-28 17:22:00,2017-12-28 01:15:57,10.01,139,166,181,217,2017-12-28 00:07:35,2017-12-28 00:03:10,129,129,1.17
"96","Lunch Recovery with super inaccurate gps thanks to skyscrapers","ph17",2017-10-03,"Oct",12,3,"Tuesday","Recovery","Recovery","NA",2017-12-28 11:51:00,2017-12-28 00:28:34,4.01,114,125,174,188,2017-12-28 00:07:08,2017-12-28 00:00:34,78,88,1.3
"97","evening ml","ph17",2017-10-04,"Oct",12,4,"Wednesday","ML","Long","NA",2017-12-28 16:57:00,2017-12-28 01:55:45,15.01,137,148,180,193,2017-12-28 00:07:43,2017-12-28 00:03:09,487,487,1.16
"98","Lunch treadmill recovery","ph17",2017-10-04,"Oct",12,4,"Wednesday","Recovery","Recovery","NA",2017-12-28 11:46:00,2017-12-28 00:33:32,4,125,144,175,188,2017-12-28 00:08:22,2017-12-28 00:07:28,NA,NA,1.1
"99","Afternoon Run","ph17",2017-10-05,"Oct",12,5,"Thursday","Recovery","Recovery","NA",2017-12-28 17:23:00,2017-12-28 00:50:47,6,123,133,178,188,2017-12-28 00:08:28,2017-12-28 00:06:06,98,110,1.07
"100","Morning Recovery","ph17",2017-10-05,"Oct",12,5,"Thursday","Recovery","Recovery","NA",2017-12-28 06:56:00,2017-12-28 00:42:20,5,128,143,177,188,2017-12-28 00:08:28,2017-12-28 00:05:30,114,114,1.07
"101","Afternoon Recovery","ph17",2017-10-06,"Oct",12,6,"Friday","Recovery","Recovery","NA",2017-12-28 17:36:00,2017-12-28 00:49:45,6,127,143,177,209,2017-12-28 00:08:17,2017-12-28 00:03:23,103,94,1.1
"102","Morning Recovery","ph17",2017-10-07,"Oct",12,7,"Saturday","Recovery","Recovery","NA",2017-12-28 08:23:00,2017-12-28 00:24:39,3,126,138,178,192,2017-12-28 00:08:13,2017-12-28 00:05:01,141,130,1.1
"103","cool down","ph17",2017-10-09,"Oct",13,9,"Monday","Misc","Misc","NA",2017-12-28 19:30:00,2017-12-28 00:25:30,3,NA,NA,NA,NA,2017-12-28 00:08:30,NA,NA,NA,0
"104","attempt at tune up half marathon (treadmill)","ph17",2017-10-09,"Oct",13,9,"Monday","Workout","Workout","Marathon Pace",2017-12-28 17:40:00,2017-12-28 01:31:30,13.13,NA,NA,NA,NA,2017-12-28 00:06:58,NA,NA,NA,0
"105","Afternoon warm up","ph17",2017-10-09,"Oct",13,9,"Monday","Misc","Misc","NA",2017-12-28 17:30:00,NA,1,122,131,176,182,2017-12-28 00:08:30,2017-12-28 00:07:54,NA,NA,1.07
"106","Lunch treadmill recovery","ph17",2017-10-09,"Oct",13,9,"Monday","Recovery","Recovery","NA",2017-12-28 11:47:00,2017-12-28 00:33:38,4,124,140,177,186,2017-12-28 00:08:24,2017-12-28 00:07:18,NA,NA,1.08
"107","Evening Recovery","ph17",2017-10-10,"Oct",13,10,"Tuesday","Recovery","Recovery","NA",2017-12-28 18:12:00,2017-12-28 00:52:08,6.01,126,137,179,192,2017-12-28 00:08:40,2017-12-28 00:06:04,118,110,1.04
"108","Lunch recovery","ph17",2017-10-10,"Oct",13,10,"Tuesday","Recovery","Recovery","NA",2017-12-28 12:07:00,2017-12-28 00:50:07,6.01,121,163,177,187,2017-12-28 00:08:20,2017-12-28 00:02:37,102,105,1.09
"109","very easy ml","ph17",2017-10-11,"Oct",13,11,"Wednesday","ML","Run","NA",2017-12-28 17:27:00,2017-12-28 02:07:42,15,127,145,178,188,2017-12-28 00:08:31,2017-12-28 00:05:15,472,470,1.06
"110","Lunch treadmill recovery","ph17",2017-10-11,"Oct",13,11,"Wednesday","Recovery","Recovery","NA",2017-12-28 11:45:00,2017-12-28 00:33:37,4.01,130,173,178,187,2017-12-28 00:08:23,2017-12-28 00:07:04,NA,NA,1.08
"111","Afternoon Recovery","ph17",2017-10-12,"Oct",13,12,"Thursday","Recovery","Recovery","NA",2017-12-28 17:38:00,2017-12-28 00:51:24,6.01,123,137,179,190,2017-12-28 00:08:34,2017-12-28 00:06:41,115,105,1.05
"112","lunch Recovery","ph17",2017-10-12,"Oct",13,12,"Thursday","Recovery","Recovery","NA",2017-12-28 12:14:00,2017-12-28 00:43:10,5.01,130,188,171,206,2017-12-28 00:08:37,2017-12-28 00:01:36,97,90,1.09
"113","evening ga","ph17",2017-10-13,"Oct",13,13,"Friday","GA","Run","NA",2017-12-28 17:26:00,2017-12-28 01:37:38,12.01,129,159,177,204,2017-12-28 00:08:08,2017-12-28 00:05:42,366,366,1.12
"114","Lunch Long run","ph17",2017-10-14,"Oct",13,14,"Saturday","Long","Long","NA",2017-12-28 11:51:00,2017-12-28 02:44:32,22.01,141,166,182,241,2017-12-28 00:07:29,2017-12-28 00:05:02,NA,NA,1.18
"115","Afternoon Recovery","ph17",2017-10-15,"Oct",14,15,"Sunday","Recovery","Recovery","NA",2017-12-28 15:59:00,NA,1,121,131,176,187,2017-12-28 00:08:56,2017-12-28 00:06:35,80,NA,1.02
"116","Afternoon Recovery","ph17",2017-10-15,"Oct",14,15,"Sunday","Recovery","Recovery","NA",2017-12-28 15:11:00,2017-12-28 00:34:18,4,114,128,175,192,2017-12-28 00:08:34,2017-12-28 00:06:04,21,104,1.09
"117","Morning Recovery","ph17",2017-10-15,"Oct",14,15,"Sunday","Recovery","Recovery","NA",2017-12-28 08:57:00,2017-12-28 00:51:43,6.01,122,137,177,188,2017-12-28 00:08:37,2017-12-28 00:05:21,124,116,1.06
"118","Afternoon V02","ph17",2017-10-16,"Oct",14,16,"Monday","Workout","Workout","vO2 Max",2017-12-28 17:34:00,2017-12-28 01:15:34,10,135,165,181,211,2017-12-28 00:07:33,2017-12-28 00:04:23,132,132,1.18
"119","Lunch Recovery","ph17",2017-10-16,"Oct",14,16,"Monday","Recovery","Recovery","NA",2017-12-28 11:57:00,2017-12-28 00:34:04,4.01,116,130,174,243,2017-12-28 00:08:30,2017-12-28 00:02:41,95,99,1.09
"120","Lunch Recover","ph17",2017-10-17,"Oct",14,17,"Tuesday","Recovery","Recovery","NA",2017-12-28 12:17:00,2017-12-28 00:31:16,4,117,132,175,187,2017-12-28 00:07:49,2017-12-28 00:00:30,82,89,1.18
"121","cool down","ph17",2017-10-20,"Oct",14,20,"Friday","Misc","Misc","NA",2017-12-28 07:10:00,2017-12-28 00:13:07,1.5,NA,NA,NA,NA,2017-12-28 00:08:45,NA,NA,NA,0
"122","attempt at 10k tune up","ph17",2017-10-20,"Oct",14,20,"Friday","Workout","Workout","Marathon Pace",2017-12-28 06:03:00,2017-12-28 01:02:02,9.05,NA,NA,183,192,2017-12-28 00:06:51,NA,NA,NA,1.29
"123","warm up","ph17",2017-10-20,"Oct",14,20,"Friday","Misc","Misc","NA",2017-12-28 05:48:00,NA,1,NA,NA,177,182,2017-12-28 00:07:59,2017-12-28 00:06:40,NA,NA,1.14
"124","easier long","ph17",2017-10-21,"Oct",14,21,"Saturday","Long","Long","NA",2017-12-28 10:45:00,2017-12-28 02:22:13,18.01,140,152,179,198,2017-12-28 00:07:54,2017-12-28 00:05:10,884,897,1.14
"125","Afternoon Recovery","ph17",2017-10-22,"Oct",15,22,"Sunday","Recovery","Recovery","NA",2017-12-28 17:58:00,2017-12-28 00:52:46,6.01,125,170,173,188,2017-12-28 00:08:47,2017-12-28 00:05:36,104,107,1.06
"126","Afternoon Recovery","ph17",2017-10-22,"Oct",15,22,"Sunday","Recovery","Recovery","NA",2017-12-28 13:30:00,2017-12-28 00:41:21,5.01,136,177,174,187,2017-12-28 00:08:16,2017-12-28 00:04:31,98,99,1.12
"127","Afternoon ga","ph17",2017-10-23,"Oct",15,23,"Monday","GA","Run","NA",2017-12-28 17:15:00,2017-12-28 01:21:45,10.01,128,142,177,188,2017-12-28 00:08:10,2017-12-28 00:04:11,144,144,1.11
"128","Afternoon vO2","ph17",2017-10-24,"Oct",15,24,"Tuesday","Workout","Workout","vO2 Max",2017-12-28 17:40:00,2017-12-28 01:10:46,9.23,141,168,183,211,2017-12-28 00:07:40,2017-12-28 00:05:26,NA,NA,1.14
"129","Lunch recovery","ph17",2017-10-24,"Oct",15,24,"Tuesday","Recovery","Recovery","NA",2017-12-28 11:50:00,2017-12-28 00:34:15,4,NA,NA,177,181,2017-12-28 00:08:34,NA,NA,NA,1.07
"130","Afternoon ga","ph17",2017-10-25,"Oct",15,25,"Wednesday","GA","Run","NA",2017-12-28 17:38:00,2017-12-28 01:05:45,8.01,125,139,176,187,2017-12-28 00:08:13,2017-12-28 00:03:28,89,102,1.12
"131","Lunch treadmill recovery","ph17",2017-10-25,"Oct",15,25,"Wednesday","Recovery","Recovery","NA",2017-12-28 11:59:00,2017-12-28 00:33:37,4,124,135,176,182,2017-12-28 00:08:24,2017-12-28 00:06:59,NA,NA,1.09
"132","easy ml","ph17",2017-10-26,"Oct",15,26,"Thursday","ML","Run","NA",2017-12-28 17:23:00,2017-12-28 01:44:16,13.01,NA,NA,178,206,2017-12-28 00:08:01,2017-12-28 00:05:03,383,381,1.13
"133","Lunch recovery","ph17",2017-10-26,"Oct",15,26,"Thursday","Recovery","Recovery","NA",2017-12-28 12:12:00,2017-12-28 00:33:29,4.01,116,161,174,233,2017-12-28 00:08:22,2017-12-28 00:03:15,57,51,1.1
"134","Morning Recovery","ph17",2017-10-27,"Oct",15,27,"Friday","Recovery","Recovery","NA",2017-12-28 06:54:00,2017-12-28 00:52:17,6,NA,NA,176,184,2017-12-28 00:08:42,2017-12-28 00:03:56,120,122,1.05
"135","Lunch Recovery","ph17",2017-10-28,"Oct",15,28,"Saturday","Recovery","Recovery","NA",2017-12-28 11:30:00,2017-12-28 00:51:20,6,NA,NA,174,206,2017-12-28 00:08:33,2017-12-28 00:04:01,93,93,1.08
"136","tune up Oktoberfest 13.1 half","ph17",2017-10-29,"Oct",16,29,"Sunday","Workout","Workout","Tune Up Race",2017-12-28 09:03:00,2017-12-28 01:33:03,13.14,NA,NA,181,211,2017-12-28 00:07:05,2017-12-28 00:04:27,498,494,1.26
"137","Lunch recovery","ph17",2017-10-30,"Oct",16,30,"Monday","Recovery","Recovery","NA",2017-12-28 12:05:00,2017-12-28 00:35:04,4,NA,NA,NA,NA,2017-12-28 00:08:46,NA,NA,NA,0
"138","Morning ml","ph17",2017-10-31,"Oct",16,31,"Tuesday","ML","Run","NA",2017-12-28 06:01:00,2017-12-28 01:40:03,13.01,NA,NA,178,193,2017-12-28 00:07:41,2017-12-28 00:05:30,396,387,1.18
"139","Afternoon VO2","ph17",2017-11-01,"Nov",16,1,"Wednesday","Workout","Workout","vO2 Max",2017-12-28 17:25:00,2017-12-28 01:14:45,10.01,NA,NA,178,209,2017-12-28 00:07:28,2017-12-28 00:04:11,107,118,1.2
"140","Afternoon Recovery","ph17",2017-11-02,"Nov",16,2,"Thursday","Recovery","Recovery","NA",2017-12-28 17:31:00,2017-12-28 00:52:13,6.01,NA,NA,173,192,2017-12-28 00:08:42,2017-12-28 00:06:13,115,108,1.07
"141","Lunch ga","ph17",2017-11-03,"Nov",16,3,"Friday","GA","Run","NA",2017-12-28 11:53:00,2017-12-28 01:01:19,8.01,NA,NA,177,219,2017-12-28 00:07:39,2017-12-28 00:04:13,79,101,1.19
"142","evening ga","ph17",2017-11-04,"Nov",16,4,"Saturday","GA","Run","NA",2017-12-28 17:37:00,2017-12-28 01:26:40,11.01,NA,NA,175,200,2017-12-28 00:07:53,2017-12-28 00:04:40,392,389,1.17
"143","last long run, fast finish","ph17",2017-11-05,"Nov",17,5,"Sunday","Long","Long","NA",2017-12-28 16:45:00,2017-12-28 02:09:56,17.01,NA,NA,177,204,2017-12-28 00:07:38,2017-12-28 00:05:18,439,439,1.19
"144","Lunch ga","ph17",2017-11-07,"Nov",17,7,"Tuesday","GA","Run","NA",2017-12-28 12:10:00,2017-12-28 01:01:54,8,NA,NA,175,218,2017-12-28 00:07:44,2017-12-28 00:03:13,102,108,1.19
"145","Lunch vo2","ph17",2017-11-09,"Nov",17,9,"Thursday","Workout","Workout","vO2 Max",2017-12-28 11:51:00,2017-12-28 01:05:54,9.01,NA,NA,178,217,2017-12-28 00:07:19,2017-12-28 00:03:53,92,95,1.23
"146","Lunch Recovery","ph17",2017-11-10,"Nov",17,10,"Friday","Recovery","Recovery","NA",2017-12-28 12:09:00,2017-12-28 00:49:48,6.01,NA,NA,172,188,2017-12-28 00:08:17,2017-12-28 00:03:46,115,97,1.13
"147","ga","ph17",2017-11-11,"Nov",17,11,"Saturday","GA","Run","NA",2017-12-28 15:49:00,2017-12-28 01:19:50,10.01,NA,NA,177,218,2017-12-28 00:07:59,2017-12-28 00:01:44,124,135,1.14
"148","last ml","ph17",2017-11-12,"Nov",18,12,"Sunday","ML","Run","NA",2017-12-28 11:22:00,2017-12-28 01:38:12,13,NA,NA,180,211,2017-12-28 00:07:33,2017-12-28 00:02:23,307,299,1.18
"149","Afternoon Run","ph17",2017-11-14,"Nov",18,14,"Tuesday","Recovery","Recovery","NA",2017-12-28 16:16:00,2017-12-28 00:53:23,6,NA,NA,171,186,2017-12-28 00:08:54,2017-12-28 00:04:02,121,113,1.06
"150","dress rehearsal GA","ph17",2017-11-15,"Nov",18,15,"Wednesday","GA","Run","NA",2017-12-28 16:11:00,2017-12-28 01:10:13,9.01,NA,NA,176,204,2017-12-28 00:07:48,2017-12-28 00:03:11,115,120,1.17
"151","Lunch Run","ph17",2017-11-16,"Nov",18,16,"Thursday","Recovery","Recovery","NA",2017-12-28 12:10:00,2017-12-28 00:49:31,6,NA,NA,172,186,2017-12-28 00:08:15,2017-12-28 00:02:20,118,118,1.14
"152","Morning treadmill rec","ph17",2017-11-17,"Nov",18,17,"Friday","Recovery","Recovery","NA",2017-12-28 07:33:00,2017-12-28 00:41:16,5.01,NA,NA,169,215,2017-12-28 00:08:14,2017-12-28 00:05:20,NA,NA,1.16
"153","MARATHON PR BUT WIND IS THE DEVIL, BOBBY BOUCHER","ph17",2017-11-19,"Nov",19,19,"Sunday","Race","Race","NA",2017-12-28 07:00:00,2017-12-28 03:07:22,26.41,NA,NA,184,211,2017-12-28 00:07:06,2017-12-28 00:03:37,597,589,1.23
